CHRO	POS	ID	REF	ALT	QUAL	FILTER	QSI	QSI_NT	IC	NT	IHP	TQSI	SOMATIC	RU	TQSI_NT	SGT	SVTYPE	OVERLAP	RC	NORMAL_DP50	NORMAL_DP	NORMAL_FDP50	NORMAL_SUBDP50	NORMAL_TOR	NORMAL_TIR	NORMAL_DP2	NORMAL_TAR	TUMOR_DP50	TUMOR_DP	TUMOR_FDP50	TUMOR_SUBDP50	TUMOR_TOR	TUMOR_TIR	TUMOR_DP2	TUMOR_TAR	
1	725114	.	A	AAAGGC	.	PASS	48	48	1	ref	2	1	true	AAGGC	1	ref->het		false	0	102.64	127	29.13	0.0	33:3	0:1	127	98:290	269.81	332	78.91	0.0	102:81	7:15	332	222:656	
1	111992153	.	TTTCGTTGACCA	T	.	PASS	57	57	0	ref	3	1	true	TTCGTTGACCA	1	ref->het		false	1	39.31	35	1.29	0.0	1:0	0:0	35	39:42	103.92	103	1.71	0.0	9:9	33:33	103	67:69	
1	114875051	.	GT	G	.	PASS	112	91	3	ref	6	1	true	T	1	ref->het		false	4	48.74	50	0.95	0.0	3:2	0:0	50	47:49	100.26	102	2.12	0.0	13:10	46:47	102	43:46	
1	162283709	.	GT	G	.	PASS	70	69	0	ref	2	1	true	T	1	ref->het		false	1	39.72	40	0.66	0.0	1:0	0:0	40	39:40	89.73	83	0.34	0.0	10:10	32:32	83	43:44	
1	234031650	.	AT	A	.	PASS	64	64	3	ref	4	1	true	T	1	ref->het		false	4	45.0	44	0.0	0.0	1:1	0:0	44	43:43	95.17	98	0.94	0.0	5:4	32:33	98	61:62	
2	87656866	.	A	AGCCCGGCAT	.	PASS	32	32	1	ref	2	1	true	GCCCGGCAT	1	ref->het		false	0	74.04	74	11.25	0.0	20:24	0:0	74	61:103	191.69	183	19.76	0.0	35:41	7:7	183	145:249	
2	184600436	.	TA	T	.	PASS	93	89	2	ref	6	2	true	A	1	ref->het		false	3	49.35	49	0.61	0.0	2:2	0:0	49	47:47	104.27	110	0.74	0.0	6:5	46:46	110	57:58	
2	238260328	.	TA	T	.	PASS	82	81	2	ref	5	1	true	A	1	ref->het		false	3	45.28	44	1.51	0.0	3:0	0:0	44	40:43	101.03	107	1.86	0.0	9:9	44:44	107	53:53	
3	79020899	.	TG	T	.	PASS	42	41	0	ref	10	2	true	G	1	ref->het		false	1	54.45	57	0.78	0.0	5:3	2:2	57	51:53	96.26	95	2.6	0.0	11:4	38:40	95	46:54	
3	85464786	.	AG	A	.	PASS	104	90	0	ref	4	1	true	G	1	ref->het		false	1	49.58	46	0.0	0.0	0:0	0:0	46	46:47	109.43	109	0.35	0.0	2:1	52:53	109	54:56	
4	13320832	.	TTTTA	T	.	PASS	61	61	1	ref	7	1	true	TTTA	1	ref->het		false	2	49.13	46	0.0	0.0	1:1	0:0	46	45:45	107.73	106	0.67	0.0	6:6	32:32	106	68:68	
4	49114553	.	GATTCC	G	.	PASS	34	34	3	ref	2	1	true	ATTCC	1	ref->het		false	4	111.99	114	20.76	0.0	52:58	0:0	114	68:116	322.46	319	57.4	0.0	143:190	8:9	319	187:291	
4	162972623	.	T	TA	.	PASS	69	69	9	ref	9	1	true	A	1	ref->het		false	8	49.0	52	0.26	0.0	5:5	0:0	52	46:46	110.27	104	2.04	0.0	8:7	34:35	104	62:63	
4	189681652	.	CAATTTAT	C	.	PASS	52	52	0	ref	4	1	true	AATTTAT	1	ref->het		false	1	34.62	34	0.0	0.0	0:0	0:0	34	36:36	98.2	99	0.84	0.0	10:10	30:31	99	60:61	
5	17643153	.	TG	T	.	PASS	57	57	0	ref	5	1	true	G	1	ref->het		false	1	40.07	40	1.88	0.0	2:0	0:0	40	38:42	92.68	92	3.01	0.0	7:7	29:29	92	58:60	
5	28209801	.	T	TA	.	PASS	71	71	2	ref	5	1	true	A	1	ref->het		false	1	39.03	39	0.01	0.0	0:0	0:0	39	39:39	108.62	101	1.59	0.0	5:4	39:40	101	57:58	
5	98106520	.	G	GT	.	PASS	65	65	2	ref	2	2	true	T	2	ref->het		false	1	56.83	58	1.74	0.0	3:3	0:0	58	55:55	92.08	92	2.55	0.0	10:7	25:25	92	58:61	
5	180438252	.	ATAGACCACT	A	.	PASS	70	70	0	ref	6	1	true	TAGACCACT	1	ref->het		false	1	45.37	47	1.37	0.0	2:2	0:0	47	46:47	93.75	88	2.22	0.0	4:3	31:32	88	55:57	
6	987242	.	TC	T	.	PASS	83	82	1	ref	3	1	true	C	1	ref->het		false	2	50.75	52	0.38	0.0	0:0	0:0	52	52:52	98.96	97	1.18	0.0	8:8	35:36	97	55:56	
6	16785794	.	AT	A	.	PASS	53	53	1	ref	11	1	true	T	1	ref->het		false	2	39.78	38	0.41	0.0	1:1	0:0	38	37:37	117.86	120	5.18	0.0	8:6	36:37	120	76:77	
6	25122578	.	TACTA	T	.	PASS	88	87	1	ref	2	1	true	ACTA	1	ref->het		false	2	52.73	57	1.41	0.0	3:3	0:0	57	54:55	117.96	120	0.94	0.0	8:6	42:42	120	68:70	
6	63885826	.	CTT	C	.	PASS	74	73	1	ref	4	1	true	T	1	ref->het		false	3	37.2	36	0.27	0.0	2:3	0:0	36	38:38	113.12	119	0.62	0.0	8:8	45:46	119	66:67	
6	107525235	.	CT	C	.	PASS	54	54	0	ref	5	1	true	T	1	ref->het		false	1	38.15	39	2.95	0.0	5:4	0:0	39	34:36	90.41	91	2.52	0.0	10:8	27:30	91	56:56	
6	162436402	.	G	GA	.	PASS	69	69	8	ref	8	1	true	A	1	ref->het		false	7	46.54	49	0.81	0.0	3:3	0:0	49	45:45	90.04	95	0.42	0.0	10:10	31:31	95	53:54	
7	78859331	.	TC	T	.	PASS	71	71	2	ref	5	1	true	C	1	ref->het		false	3	34.37	36	1.04	0.0	4:3	0:0	36	33:34	59.41	59	4.01	0.0	10:7	26:30	59	25:26	
7	128548531	.	AG	A	.	PASS	33	33	4	ref	6	2	true	G	2	ref->het		false	5	41.42	38	0.19	0.0	2:2	1:1	38	36:36	101.44	100	1.35	0.0	8:8	39:39	100	53:55	
7	157747200	.	T	TG	.	PASS	34	34	2	ref	3	1	true	G	1	ref->het		false	1	33.12	25	1.48	0.0	7:9	0:0	25	22:24	79.72	53	6.87	0.0	19:20	12:12	53	26:30	
8	39200206	.	CA	C	.	PASS	85	84	3	ref	5	1	true	A	1	ref->het		false	4	42.79	46	0.75	0.0	3:3	0:0	46	43:43	101.89	109	2.53	0.0	15:15	40:40	109	54:54	
8	68863479	.	CTTTAAA	C	.	PASS	97	92	0	ref	4	1	true	TTTAAA	1	ref->het		false	1	55.6	56	0.47	0.0	2:1	0:0	56	54:56	104.92	106	1.01	0.0	7:6	42:42	106	58:60	
8	91042340	.	AGCTAGATTCCTTGCATGTGTAGTTTGCAATAGG	A	.	PASS	42	42	0	ref	3	2	true	GCTAGATTCCTTGCATGTGTAGTTTGCAATAGG	2	ref->het		false	1	35.85	36	0.49	0.0	0:0	0:0	36	41:41	88.64	96	1.37	0.0	12:13	25:25	96	72:73	
8	116901358	.	TGGGAA	T	.	PASS	99	91	0	ref	5	1	true	GGGAA	1	ref->het		false	1	49.89	50	0.01	0.0	3:2	0:0	50	49:50	112.67	111	2.5	0.0	10:8	46:48	111	59:59	
8	133969796	.	CAG	C	.	PASS	76	76	3	ref	2	2	true	AG	2	ref->het		false	4	48.48	53	0.8	0.0	5:5	0:0	53	49:50	77.37	76	2.42	0.0	4:3	28:28	76	43:46	
8	134011845	.	ACTGCAGC	A	.	PASS	60	60	2	ref	5	1	true	CTGCAGC	1	ref->het		false	3	39.03	39	1.32	0.0	5:4	0:0	39	35:36	100.45	101	0.92	0.0	17:17	34:34	101	54:55	
10	15974931	.	G	GT	.	PASS	67	67	9	ref	8	1	true	T	1	ref->het		false	8	39.29	34	0.19	0.0	2:2	0:0	34	31:31	105.51	102	3.42	0.0	10:10	43:43	102	49:50	
10	42362127	.	C	CCCTGT	.	PASS	56	56	1	ref	3	1	true	CCTGT	1	ref->het		false	0	128.96	126	25.98	0.0	28:16	0:0	126	107:230	352.95	364	63.54	0.0	101:101	12:19	364	264:614	
10	42790811	.	A	AGTCCT	.	PASS	33	33	1	ref	2	1	true	GTCCT	1	ref->het		false	0	74.16	75	7.12	0.0	11:10	0:0	75	65:136	174.39	181	19.94	0.0	36:40	5:6	181	139:317	
11	25065633	.	A	ATAGTC	.	PASS	33	33	1	ref	2	1	true	TAGTC	1	ref->het		false	0	62.1	70	11.21	0.0	2:2	0:0	70	72:76	146.56	153	30.59	0.0	46:40	4:4	153	123:142	
12	38656714	.	CA	C	.	PASS	89	87	3	ref	4	1	true	A	1	ref->het		false	4	48.49	51	0.01	0.0	4:4	0:0	51	47:48	130.32	134	2.39	0.0	9:9	49:49	134	75:76	
12	50373911	.	A	AC	.	PASS	88	88	2	ref	6	1	true	C	1	ref->het		false	1	65.51	62	1.56	0.0	7:8	0:0	62	56:56	102.56	105	2.61	0.0	14:13	32:33	105	60:60	
12	117873492	.	G	GT	.	PASS	96	93	4	ref	3	2	true	T	1	ref->het		false	3	57.75	60	2.19	0.0	4:3	0:0	60	56:57	92.21	94	1.07	0.0	8:8	35:35	94	51:52	
13	31803966	.	G	GTA	.	PASS	52	52	8	ref	2	1	true	TA	1	ref->het		false	7	45.58	46	2.33	0.0	6:4	0:0	46	41:44	106.26	105	3.49	0.0	20:20	26:27	105	59:59	
13	105612016	.	C	CT	.	PASS	51	51	7	ref	7	1	true	T	1	ref->het		false	6	35.56	35	0.0	0.0	3:3	0:0	35	31:31	92.19	91	0.5	0.0	11:11	30:30	91	50:50	
14	19889279	.	C	CTGTGCTTCCCTCTGTGCTTCTCGCTGCAGGCGAG	.	PASS	44	44	1	ref	3	1	true	TGTGCTTCCCTCTGTGCTTCTCGCTGCAGGCGAG	1	ref->het		false	0	90.42	87	1.71	0.0	3:2	0:0	87	80:94	299.28	299	8.66	0.0	28:26	10:11	299	232:259	
14	27749439	.	T	TA	.	PASS	58	58	9	ref	8	1	true	A	1	ref->het		false	8	42.1	39	0.79	0.0	1:1	0:0	39	39:41	105.17	106	3.95	0.0	13:12	31:31	106	61:62	
14	43419711	.	A	AAGGGAGGGAGGGAGGG	.	PASS	33	33	6	ref	3	1	true	AGGG	1	ref->het		false	2	37.12	27	0.77	0.0	10:8	0:0	27	18:21	78.14	60	2.63	0.0	24:24	16:17	60	26:26	
14	76599033	.	TGATCTCTTAATCCA	T	.	PASS	82	81	0	ref	2	1	true	GATCTCTTAATCCA	1	ref->het		false	1	45.05	45	1.18	0.0	4:3	0:0	45	49:50	86.99	89	1.15	0.0	14:12	33:33	89	50:53	
14	77834747	.	ATCT	A	.	PASS	73	73	1	ref	6	1	true	TCT	1	ref->het		false	2	54.38	54	0.69	0.0	2:2	0:0	54	53:53	102.36	98	2.7	0.0	10:8	30:31	98	59:60	
14	99577172	.	GTCAA	G	.	PASS	66	66	1	ref	2	1	true	TCAA	1	ref->het		false	2	40.31	35	0.29	0.0	0:0	0:0	35	38:38	102.03	104	0.5	0.0	8:7	38:39	104	60:62	
15	99700022	.	GGATTA	G	.	PASS	38	37	0	ref	3	1	true	GATTA	1	ref->het		false	1	41.45	43	0.11	0.0	2:2	1:1	43	40:40	91.35	95	1.13	0.0	6:6	44:45	95	47:47	
16	32818028	.	T	TCATTTCAA	.	PASS	34	34	1	ref	3	1	true	CATTTCAA	1	ref->het		false	0	91.27	91	13.47	0.0	25:35	0:0	91	66:97	225.16	219	27.46	0.0	45:72	10:12	219	162:220	
16	33076394	.	TGATGA	T	.	PASS	37	37	0	ref	7	1	true	GATGA	1	ref->het		false	1	95.15	94	13.99	0.0	7:2	0:0	94	92:110	188.15	186	30.67	0.0	35:35	4:7	186	157:194	
16	33957695	.	T	TCTCTTTGC	.	PASS	30	30	1	ref	2	1	true	CTCTTTGC	1	ref->het		false	0	82.62	64	17.18	0.0	16:12	0:0	64	57:69	172.8	152	31.13	0.0	24:23	5:5	152	130:165	
16	33979907	.	A	ATTTTATTTTATTTTATTTTATTT	.	PASS	45	45	1	ref	8	1	true	TTTTATTTTATTTTATTTTATTT	1	ref->het		false	0	100.83	91	10.99	0.0	27:21	0:0	91	79:134	208.65	190	21.85	0.0	46:42	7:8	190	166:267	
16	35119253	.	T	TA	.	PASS	82	82	8	ref	7	1	true	A	1	ref->het		false	7	48.42	48	0.32	0.0	4:4	0:0	48	45:46	107.75	106	0.67	0.0	7:7	40:40	106	58:59	
18	4510863	.	TGTGGTG	T	.	PASS	30	30	1	ref	4	1	true	GTG	1	ref->het		false	3	80.12	64	13.99	0.0	24:44	0:0	64	53:92	220.0	178	53.42	0.0	64:107	6:20	178	127:245	
18	4663969	.	GTC	G	.	PASS	82	81	0	ref	4	1	true	TC	1	ref->het		false	1	44.89	45	0.0	0.0	1:1	0:0	45	43:44	92.43	93	2.5	0.0	9:6	35:37	93	46:49	
18	44592145	.	AG	A	.	PASS	80	80	1	ref	3	1	true	G	1	ref->het		false	2	46.29	48	1.02	0.0	3:2	0:0	48	45:47	94.66	99	1.63	0.0	7:5	37:38	99	54:57	
18	74170007	.	ATGGTTTTAAATACG	A	.	PASS	53	53	0	ref	2	2	true	TGGTTTTAAATACG	2	ref->het		false	1	42.58	37	0.02	0.0	2:2	0:0	37	41:41	105.11	110	1.5	0.0	5:3	32:32	110	75:78	
19	20603138	.	TTAAG	T	.	PASS	76	76	1	ref	5	1	true	TAAG	1	ref->het		false	2	39.94	40	0.68	0.0	1:1	0:0	40	39:40	87.38	90	1.99	0.0	9:8	37:38	90	46:47	
19	27790676	.	AATATCTTCC	A	.	PASS	34	34	0	ref	4	1	true	ATATCTTCC	1	ref->het		false	1	92.09	90	22.29	0.0	23:30	0:0	90	76:226	268.79	266	70.95	0.0	85:59	7:10	266	194:567	
19	33392902	.	G	GTC	.	PASS	56	56	8	ref	2	1	true	TC	1	ref->het		false	7	40.02	41	1.88	0.0	11:10	0:0	41	32:34	99.61	99	5.38	0.0	22:20	31:32	99	47:49	
20	15009502	.	AGGG	A	.	PASS	78	77	0	ref	3	1	true	G	1	ref->het		false	3	39.69	37	0.63	0.0	1:1	0:0	37	36:36	105.66	108	1.81	0.0	9:8	45:46	108	54:55	
20	61865680	.	CAGA	C	.	PASS	30	30	0	ref	6	1	true	AGA	1	ref->het		false	1	31.71	35	3.3	0.0	4:3	0:0	35	32:35	45.42	37	8.54	0.0	5:5	9:10	37	25:28	
21	10789176	.	G	GGGAAT	.	PASS	52	52	1	ref	4	1	true	GGAAT	1	ref->het		false	0	115.61	127	8.19	0.0	34:89	0:0	127	99:176	295.44	307	20.46	0.0	68:258	8:22	307	244:432	
21	11133275	.	A	ACAGGG	.	PASS	32	32	1	ref	2	1	true	CAGGG	1	ref->het		false	0	67.64	56	10.14	0.0	9:8	0:0	56	65:92	164.66	129	24.93	0.0	40:39	4:5	129	143:189	
X	1210499	.	CGTCT	C	.	PASS	94	91	1	ref	2	1	true	GTCT	1	ref->het		false	2	52.95	56	1.13	0.0	3:3	0:0	56	53:53	122.82	115	4.53	0.0	24:23	40:41	115	58:58	
X	103186924	.	G	GT	.	PASS	153	80	4	ref	4	1	true	T	1	ref->het		false	3	23.37	26	0.0	0.0	1:1	0:0	26	25:25	47.1	46	0.02	0.0	1:1	44:44	46	1:1	
X	137327294	.	GA	G	.	PASS	63	63	3	ref	5	1	true	A	1	ref->het		false	4	24.32	24	0.0	0.0	0:0	0:0	24	25:25	41.78	43	0.01	0.0	5:5	27:28	43	11:11	
Y	13813548	.	AAATGAAT	A	.	PASS	30	30	0	ref	3	1	true	AATGAAT	1	ref->het		false	1	68.28	40	15.77	0.0	10:8	0:0	40	70:210	150.99	74	29.85	0.0	121:387	4:4	74	58:98	
